scenario_id,boundary_type,family,severity,configuration,family_label,primary_role,primary_role_label,secondary_role,secondary_role_label,classification_confidence,primary_burden_region,primary_burden_region_label,secondary_burden_region,secondary_burden_region_label,mean_tta_mean,p95_mean,p99_mean,gap_cv_mean,cluster100_mean,bulk_window_mean,upper_bulk_window_mean,late_region_window_mean,tail_window_mean,straggler_window_mean,delta_mean_tta,delta_p95,delta_bulk_window,delta_upper_bulk_window,delta_late_region_window,delta_tail_window,delta_straggler_window,early_bulk_region_shift,main_bulk_region_shift,upper_bulk_region_shift,convergence_region_shift,tail_region_shift,straggler_region_shift,upper_bulk_displacement_score,convergence_vs_straggler_score,synchronized_vs_tail_score,concentration_vs_curve_shift_score,takeaway,role_reason
required_effect__retained_deferred__baseline__standard,required_effect,baseline,standard,retained_deferred,baseline,baseline,baseline,,n/a,n/a,,n/a,,n/a,4.254302,7.03723,7.33636,6.309277,0.105,3.061939,0.974515,1.260388,0.585003,0.29913,0.0,0.0,0.0,0.0,0.0,0.0,0.0,0.0,0.0,0.0,0.0,0.0,0.0,0.0,0.0,0.0,0.0,baseline shows a mixed burden pattern rather than one clearly dominant recovery burden.,
required_effect__retained_deferred__duplicate_pressure__extreme,required_effect,duplicate_pressure,extreme,retained_deferred,duplicate pressure (extreme),mixed,mixed burden pattern,synchronized-lateness dominant,broadly delayed recovery,low,straggler,slowest cases,tail,last recovery segment,5.658418,9.768787,10.212134,5.11474,0.0922,4.552471,1.382256,1.866799,0.927889,0.443347,1.404116,2.731557,1.490532,0.407741,0.606411,0.342886,0.144217,0.994764,1.74003,2.329017,2.428351,2.704331,2.803666,1.78439,0.138605,0.596208,0.0,duplicate pressure (extreme) shows a mixed burden pattern rather than one clearly dominant recovery burden.,"No single burden dimension dominates clearly; changes are mixed or weak across mean, synchronized lateness, concentration, convergence-region, and tail metrics."
required_effect__retained_deferred__duplicate_pressure__standard,required_effect,duplicate_pressure,standard,retained_deferred,duplicate pressure,mixed,mixed burden pattern,synchronized-lateness dominant,broadly delayed recovery,low,straggler,slowest cases,tail,last recovery segment,5.252049,9.001253,9.34265,5.497986,0.1185,4.102472,1.403228,1.740115,0.678284,0.341397,0.997747,1.964023,1.040533,0.428713,0.479727,0.093281,0.042267,0.729711,1.249977,1.698653,1.72416,1.959649,1.985156,1.524999,0.178323,0.526364,0.0,duplicate pressure shows a mixed burden pattern rather than one clearly dominant recovery burden.,"No single burden dimension dominates clearly; changes are mixed or weak across mean, synchronized lateness, concentration, convergence-region, and tail metrics."
required_effect__retained_deferred__handling_gap_replayable__extreme,required_effect,handling_gap_replayable,extreme,retained_deferred,handling-gap replayable omission (extreme),concentration-dominant,catch-up surge recovery,mean-dominant,general slowdown,high,early_bulk,early recovery body,main_bulk,main recovery body,6.726935,7.214015,7.320308,25.147622,0.5393,0.168634,0.150954,0.1846,0.139938,0.106293,2.472633,0.176785,-2.893305,-0.823561,-1.075788,-0.445065,-0.192837,3.408524,1.961873,0.840793,0.71468,0.20648,0.080366,1.215433,0.0,1.175933,2.283295,handling-gap replayable omission (extreme) behaves mainly as catch-up surge recovery: the disturbance bunches cases into a more synchronized resumption.,"Recovery concentration dominates: gap_cv=18.838, timestamp_compression_ratio=0.920, with concentration_score=2.721 outweighing curve-shift scores (sync=1.176, conv=0.242)."
required_effect__retained_deferred__handling_gap_replayable__standard,required_effect,handling_gap_replayable,standard,retained_deferred,handling-gap replayable omission,concentration-dominant,catch-up surge recovery,mean-dominant,general slowdown,high,early_bulk,early recovery body,main_bulk,main recovery body,5.246789,6.54142,6.817183,20.025821,0.4712,0.080415,0.396334,0.681697,0.561126,0.275763,0.992487,-0.49581,-2.981524,-0.578181,-0.578691,-0.023877,-0.023367,2.303263,0.812501,-0.20621,-0.206464,-0.507239,-0.507494,0.369406,0.0,0.560344,2.693247,handling-gap replayable omission behaves mainly as catch-up surge recovery: the disturbance bunches cases into a more synchronized resumption.,"Recovery concentration dominates: gap_cv=13.717, timestamp_compression_ratio=1.411, with concentration_score=2.861 outweighing curve-shift scores (sync=0.560, conv=0.000)."
required_effect__retained_deferred__source_omission__standard,required_effect,source_omission,standard,retained_deferred,source omission control,mixed,mixed burden pattern,convergence-region dominant,late-convergence fragility,low,late_convergence,near-finish region,main_bulk,main recovery body,4.321416,7.077999,7.393072,5.604901,0.112375,3.153557,0.81925,1.160917,0.656741,0.315073,0.067114,0.040769,0.091618,-0.155265,-0.099471,0.071738,0.015943,0.020922,0.066731,0.062607,0.090505,0.020844,0.04874,0.149219,0.054557,0.099076,0.0,source omission control shows a mixed burden pattern rather than one clearly dominant recovery burden.,"No single burden dimension dominates clearly; changes are mixed or weak across mean, synchronized lateness, concentration, convergence-region, and tail metrics."
required_effect__retained_immediate__baseline__standard,required_effect,baseline,standard,retained_immediate,baseline,baseline,baseline,,n/a,n/a,,n/a,,n/a,3.889353,6.621557,6.88975,0.843785,0.1051,2.943291,0.949248,1.268444,0.58739,0.268193,0.0,0.0,0.0,0.0,0.0,0.0,0.0,0.0,0.0,0.0,0.0,0.0,0.0,0.0,0.0,0.0,0.0,baseline shows a mixed burden pattern rather than one clearly dominant recovery burden.,
required_effect__retained_immediate__duplicate_pressure__extreme,required_effect,duplicate_pressure,extreme,retained_immediate,duplicate pressure (extreme),mixed,mixed burden pattern,convergence-region dominant,late-convergence fragility,low,straggler,slowest cases,tail,last recovery segment,5.872248,10.23968,10.635987,0.529333,0.1147,4.860974,1.471916,1.949212,0.873602,0.396307,1.982895,3.618123,1.917683,0.522668,0.680768,0.286212,0.128114,1.52594,2.484781,3.19869,3.27774,3.60313,3.68218,2.055186,0.178148,0.760952,0.0,duplicate pressure (extreme) shows a mixed burden pattern rather than one clearly dominant recovery burden.,"No single burden dimension dominates clearly; changes are mixed or weak across mean, synchronized lateness, concentration, convergence-region, and tail metrics."
required_effect__retained_immediate__duplicate_pressure__standard,required_effect,duplicate_pressure,standard,retained_immediate,duplicate pressure,mixed,mixed burden pattern,convergence-region dominant,late-convergence fragility,low,straggler,slowest cases,tail,last recovery segment,5.37599,9.278036,9.643459,0.71096,0.1245,4.300682,1.310125,1.774989,0.830286,0.365422,1.486637,2.656479,1.357391,0.360877,0.506545,0.242896,0.097229,1.166751,1.845447,2.330374,2.403207,2.632261,2.705094,1.789576,0.175951,0.662664,0.0,duplicate pressure shows a mixed burden pattern rather than one clearly dominant recovery burden.,"No single burden dimension dominates clearly; changes are mixed or weak across mean, synchronized lateness, concentration, convergence-region, and tail metrics."
required_effect__retained_immediate__handling_gap_replayable__extreme,required_effect,handling_gap_replayable,extreme,retained_immediate,handling-gap replayable omission (extreme),concentration-dominant,catch-up surge recovery,mean-dominant,general slowdown,high,early_bulk,early recovery body,main_bulk,main recovery body,6.210844,6.845336,6.891712,26.939499,0.3228,0.176277,0.059622,0.105328,0.092082,0.046377,2.321491,0.223779,-2.767014,-0.889626,-1.163116,-0.495308,-0.221816,3.475356,2.091849,0.942082,0.805337,0.249616,0.11287,1.281598,0.0,1.111278,2.813323,handling-gap replayable omission (extreme) behaves mainly as catch-up surge recovery: the disturbance bunches cases into a more synchronized resumption.,"Recovery concentration dominates: gap_cv=26.096, timestamp_compression_ratio=2.730, with concentration_score=3.224 outweighing curve-shift scores (sync=1.111, conv=0.221)."
required_effect__retained_immediate__handling_gap_replayable__standard,required_effect,handling_gap_replayable,standard,retained_immediate,handling-gap replayable omission,concentration-dominant,catch-up surge recovery,mean-dominant,general slowdown,high,early_bulk,early recovery body,main_bulk,main recovery body,5.022212,6.40609,6.627001,19.7469,0.6443,0.161433,0.428671,0.703794,0.496035,0.220911,1.132859,-0.215467,-2.781858,-0.520577,-0.56465,-0.091355,-0.047282,2.442622,1.051693,0.088894,0.066858,-0.217072,-0.239108,0.535662,0.0,0.604882,3.212027,handling-gap replayable omission behaves mainly as catch-up surge recovery: the disturbance bunches cases into a more synchronized resumption.,"Recovery concentration dominates: gap_cv=18.903, timestamp_compression_ratio=1.987, with concentration_score=3.393 outweighing curve-shift scores (sync=0.605, conv=0.000)."
required_effect__retained_immediate__source_omission__standard,required_effect,source_omission,standard,retained_immediate,source omission control,mixed,mixed burden pattern,convergence-region dominant,late-convergence fragility,low,upper_bulk,late recovery body,late_convergence,near-finish region,4.462049,7.344563,7.595645,0.971734,0.122625,3.275107,0.912362,1.221675,0.560394,0.251082,0.572696,0.723006,0.331816,-0.036886,-0.046769,-0.026996,-0.017111,0.535581,0.701489,0.751333,0.746391,0.719393,0.714451,0.963866,0.226287,0.528064,0.0,source omission control shows a mixed burden pattern rather than one clearly dominant recovery burden.,"No single burden dimension dominates clearly; changes are mixed or weak across mean, synchronized lateness, concentration, convergence-region, and tail metrics."
required_effect__transient_immediate__baseline__standard,required_effect,baseline,standard,transient_immediate,baseline,baseline,baseline,,n/a,n/a,,n/a,,n/a,3.785691,6.297964,6.51823,0.211247,0.0959,2.796242,0.836914,1.113692,0.497045,0.220266,0.0,0.0,0.0,0.0,0.0,0.0,0.0,0.0,0.0,0.0,0.0,0.0,0.0,0.0,0.0,0.0,0.0,baseline shows a mixed burden pattern rather than one clearly dominant recovery burden.,
required_effect__transient_immediate__duplicate_pressure__extreme,required_effect,duplicate_pressure,extreme,transient_immediate,duplicate pressure (extreme),mixed,mixed burden pattern,convergence-region dominant,late-convergence fragility,low,straggler,slowest cases,tail,last recovery segment,6.287453,10.8399,11.260477,0.574117,0.1181,5.059862,1.516877,2.019547,0.923247,0.420577,2.501762,4.541936,2.26362,0.679963,0.905855,0.426202,0.200311,1.936866,3.068676,3.976063,4.089009,4.529146,4.642091,2.248021,0.145161,0.830159,0.0,duplicate pressure (extreme) shows a mixed burden pattern rather than one clearly dominant recovery burden.,"No single burden dimension dominates clearly; changes are mixed or weak across mean, synchronized lateness, concentration, convergence-region, and tail metrics."
required_effect__transient_immediate__duplicate_pressure__standard,required_effect,duplicate_pressure,standard,transient_immediate,duplicate pressure,mixed,mixed burden pattern,convergence-region dominant,late-convergence fragility,low,straggler,slowest cases,tail,last recovery segment,5.481353,9.374311,9.729282,1.335999,0.1228,4.53705,1.255751,1.672983,0.772203,0.354971,1.695662,3.076347,1.740808,0.418837,0.559291,0.275158,0.134705,1.291148,2.161551,2.726476,2.796702,3.073473,3.1437,1.920442,0.13215,0.726598,0.0,duplicate pressure shows a mixed burden pattern rather than one clearly dominant recovery burden.,"No single burden dimension dominates clearly; changes are mixed or weak across mean, synchronized lateness, concentration, convergence-region, and tail metrics."
required_effect__transient_immediate__handling_gap_replayable__extreme,required_effect,handling_gap_replayable,extreme,transient_immediate,handling-gap replayable omission (extreme),concentration-dominant,catch-up surge recovery,,n/a,high,early_bulk,early recovery body,main_bulk,main recovery body,2.51548,4.630684,5.159347,6.628446,0.154228,2.874919,0.607307,1.143546,0.565575,0.029336,-1.270211,-1.66728,0.078677,-0.229607,0.029854,0.06853,-0.19093,-1.62598,-1.586642,-1.309036,-1.429376,-1.389575,-1.509915,0.0,0.0,0.0,2.93044,handling-gap replayable omission (extreme) behaves mainly as catch-up surge recovery: the disturbance bunches cases into a more synchronized resumption.,"Recovery concentration dominates: gap_cv=6.417, timestamp_compression_ratio=7.783, with concentration_score=2.930 outweighing curve-shift scores (sync=0.000, conv=0.000)."
required_effect__transient_immediate__handling_gap_replayable__standard,required_effect,handling_gap_replayable,standard,transient_immediate,handling-gap replayable omission,concentration-dominant,catch-up surge recovery,synchronized-lateness dominant,broadly delayed recovery,high,upper_bulk,late recovery body,main_bulk,main recovery body,3.978709,6.620326,6.70863,12.277845,0.102683,4.634014,0.33067,0.441187,0.198777,0.08826,0.193018,0.322362,1.837772,-0.506244,-0.672505,-0.298268,-0.132006,-0.200939,0.717947,0.744565,0.661385,0.342309,0.259128,0.940405,0.0,0.198344,2.109923,handling-gap replayable omission behaves mainly as catch-up surge recovery: the disturbance bunches cases into a more synchronized resumption.,"Recovery concentration dominates: gap_cv=12.067, timestamp_compression_ratio=2.501, with concentration_score=2.223 outweighing curve-shift scores (sync=0.198, conv=0.154)."
required_effect__transient_immediate__source_omission__standard,required_effect,source_omission,standard,transient_immediate,source omission control,concentration-dominant,catch-up surge recovery,tail-dominant,straggler-stretch recovery,medium,straggler,slowest cases,tail,last recovery segment,4.204547,7.101743,8.064683,2.929081,0.112513,3.635744,0.848612,1.132415,1.24671,0.962907,0.418856,0.803779,0.839502,0.011698,0.018723,0.749665,0.742641,0.175088,0.594839,0.791206,0.794708,1.171887,1.175389,0.969876,0.0,0.0,0.585817,source omission control behaves mainly as catch-up surge recovery: the disturbance bunches cases into a more synchronized resumption.,"Recovery concentration dominates: gap_cv=2.718, timestamp_compression_ratio=1.255, with concentration_score=0.863 outweighing curve-shift scores (sync=0.454, conv=0.403)."
