scenario_id,base_scenario_id,boundary_type,deadline_window_seconds,configuration,family,severity,severity_display,scenario_display_label,scenario_role,scenario_role_detail,repeat_count,attainment_rate_mean,attainment_rate_std,attainment_rate_median,completed_in_time_count_mean,completed_in_time_count_std,completed_in_time_count_median,expired_count_mean,expired_count_std,expired_count_median,completed_in_time_rate_mean,completed_in_time_rate_std,completed_in_time_rate_median,expired_rate_mean,expired_rate_std,expired_rate_median,terminal_resolution_rate_mean,terminal_resolution_rate_std,terminal_resolution_rate_median,completion_lag_from_production_mean_seconds_mean,completion_lag_from_production_mean_seconds_std,completion_lag_from_production_mean_seconds_median,completion_lag_from_production_p50_seconds_mean,completion_lag_from_production_p50_seconds_std,completion_lag_from_production_p50_seconds_median,completion_lag_from_production_p90_seconds_mean,completion_lag_from_production_p90_seconds_std,completion_lag_from_production_p90_seconds_median,completion_lag_from_production_p95_seconds_mean,completion_lag_from_production_p95_seconds_std,completion_lag_from_production_p95_seconds_median,completion_lag_from_production_p99_seconds_mean,completion_lag_from_production_p99_seconds_std,completion_lag_from_production_p99_seconds_median,median_time_to_completion_in_time_mean,median_time_to_completion_in_time_std,median_time_to_completion_in_time_median,median_time_to_expiry_mean,median_time_to_expiry_std,median_time_to_expiry_median,share_resolved_by_expiry_mean,share_resolved_by_expiry_std,share_resolved_by_expiry_median,share_resolved_by_completion_mean,share_resolved_by_completion_std,share_resolved_by_completion_median,unattained_case_count_mean,unattained_case_count_std,unattained_case_count_median,all_cases_attained_within_window_flag_mean,all_cases_attained_within_window_flag_std,all_cases_attained_within_window_flag_median,observation_window_expired_flag_mean,observation_window_expired_flag_std,observation_window_expired_flag_median,tta_metrics_censored_flag_mean,tta_metrics_censored_flag_std,tta_metrics_censored_flag_median,mean_time_to_attainment_seconds_mean,mean_time_to_attainment_seconds_std,mean_time_to_attainment_seconds_median,p95_time_to_attainment_seconds_mean,p95_time_to_attainment_seconds_std,p95_time_to_attainment_seconds_median,p99_time_to_attainment_seconds_mean,p99_time_to_attainment_seconds_std,p99_time_to_attainment_seconds_median,p999_time_to_attainment_seconds_mean,p999_time_to_attainment_seconds_std,p999_time_to_attainment_seconds_median,attainment_t25_seconds_mean,attainment_t25_seconds_std,attainment_t25_seconds_median,attainment_t50_seconds_mean,attainment_t50_seconds_std,attainment_t50_seconds_median,attainment_t75_seconds_mean,attainment_t75_seconds_std,attainment_t75_seconds_median,attainment_t90_seconds_mean,attainment_t90_seconds_std,attainment_t90_seconds_median,attainment_t95_seconds_mean,attainment_t95_seconds_std,attainment_t95_seconds_median,attainment_t99_seconds_mean,attainment_t99_seconds_std,attainment_t99_seconds_median,early_bulk_window_25_to_50_seconds_mean,early_bulk_window_25_to_50_seconds_std,early_bulk_window_25_to_50_seconds_median,main_bulk_window_50_to_75_seconds_mean,main_bulk_window_50_to_75_seconds_std,main_bulk_window_50_to_75_seconds_median,bulk_window_25_to_75_seconds_mean,bulk_window_25_to_75_seconds_std,bulk_window_25_to_75_seconds_median,upper_bulk_window_75_to_90_seconds_mean,upper_bulk_window_75_to_90_seconds_std,upper_bulk_window_75_to_90_seconds_median,late_region_window_75_to_95_seconds_mean,late_region_window_75_to_95_seconds_std,late_region_window_75_to_95_seconds_median,tail_window_90_to_99_seconds_mean,tail_window_90_to_99_seconds_std,tail_window_90_to_99_seconds_median,straggler_window_95_to_99_seconds_mean,straggler_window_95_to_99_seconds_std,straggler_window_95_to_99_seconds_median,tail_to_bulk_ratio_mean,tail_to_bulk_ratio_std,tail_to_bulk_ratio_median,upper_bulk_to_bulk_ratio_mean,upper_bulk_to_bulk_ratio_std,upper_bulk_to_bulk_ratio_median,straggler_to_bulk_ratio_mean,straggler_to_bulk_ratio_std,straggler_to_bulk_ratio_median,last_attainment_seconds_mean,last_attainment_seconds_std,last_attainment_seconds_median,producer_complete_seen_elapsed_seconds_mean,producer_complete_seen_elapsed_seconds_std,producer_complete_seen_elapsed_seconds_median,producer_complete_to_last_attainment_seconds_mean,producer_complete_to_last_attainment_seconds_std,producer_complete_to_last_attainment_seconds_median,producer_complete_to_p95_seconds_mean,producer_complete_to_p95_seconds_std,producer_complete_to_p95_seconds_median,attained_after_producer_complete_share_mean,attained_after_producer_complete_share_std,attained_after_producer_complete_share_median,temporal_clustering_busiest_10pct_interval_share_100ms_mean,temporal_clustering_busiest_10pct_interval_share_100ms_std,temporal_clustering_busiest_10pct_interval_share_100ms_median,temporal_clustering_busiest_10pct_interval_share_250ms_mean,temporal_clustering_busiest_10pct_interval_share_250ms_std,temporal_clustering_busiest_10pct_interval_share_250ms_median,distinct_attainment_timestamps_1ms_mean,distinct_attainment_timestamps_1ms_std,distinct_attainment_timestamps_1ms_median,distinct_attainment_timestamps_10ms_mean,distinct_attainment_timestamps_10ms_std,distinct_attainment_timestamps_10ms_median,mean_inter_attainment_gap_ms_mean,mean_inter_attainment_gap_ms_std,mean_inter_attainment_gap_ms_median,inter_attainment_gap_cv_mean,inter_attainment_gap_cv_std,inter_attainment_gap_cv_median,reconciliation_pass_count_mean,reconciliation_pass_count_std,reconciliation_pass_count_median,retained_buffer_remaining_mean,retained_buffer_remaining_std,retained_buffer_remaining_median,pending_case_count_remaining_mean,pending_case_count_remaining_std,pending_case_count_remaining_median,run_duration_seconds_mean,run_duration_seconds_std,run_duration_seconds_median,received_event_count_mean,received_event_count_std,received_event_count_median,duplicate_delivery_count_mean,duplicate_delivery_count_std,duplicate_delivery_count_median,duplicate_delivery_rate_mean,duplicate_delivery_rate_std,duplicate_delivery_rate_median,duplicate_after_attainment_count_mean,duplicate_after_attainment_count_std,duplicate_after_attainment_count_median,deferred_pending_overwrite_count_mean,deferred_pending_overwrite_count_std,deferred_pending_overwrite_count_median,duplicate_side_effect_execution_count_mean,duplicate_side_effect_execution_count_std,duplicate_side_effect_execution_count_median,correction_rewrite_count_mean,correction_rewrite_count_std,correction_rewrite_count_median,wrong_latest_version_commit_count_mean,wrong_latest_version_commit_count_std,wrong_latest_version_commit_count_median,state_latest_version_attainment_count_mean,state_latest_version_attainment_count_std,state_latest_version_attainment_count_median,state_latest_version_attainment_rate_mean,state_latest_version_attainment_rate_std,state_latest_version_attainment_rate_median,state_latest_version_omission_count_mean,state_latest_version_omission_count_std,state_latest_version_omission_count_median,state_latest_version_omission_rate_mean,state_latest_version_omission_rate_std,state_latest_version_omission_rate_median,state_obsolete_suppression_count_mean,state_obsolete_suppression_count_std,state_obsolete_suppression_count_median,state_obsolete_suppression_rate_mean,state_obsolete_suppression_rate_std,state_obsolete_suppression_rate_median,state_same_version_duplicate_count_mean,state_same_version_duplicate_count_std,state_same_version_duplicate_count_median,state_outage_exposed_event_count_mean,state_outage_exposed_event_count_std,state_outage_exposed_event_count_median,state_outage_exposed_event_rate_mean,state_outage_exposed_event_rate_std,state_outage_exposed_event_rate_median,state_outage_exposed_expected_event_count_mean,state_outage_exposed_expected_event_count_std,state_outage_exposed_expected_event_count_median,state_outage_exposed_expected_event_rate_mean,state_outage_exposed_expected_event_rate_std,state_outage_exposed_expected_event_rate_median,state_outage_exposed_seen_fraction_of_expected_mean,state_outage_exposed_seen_fraction_of_expected_std,state_outage_exposed_seen_fraction_of_expected_median,state_outage_exposed_unseen_count_mean,state_outage_exposed_unseen_count_std,state_outage_exposed_unseen_count_median,state_outage_exposed_unseen_fraction_of_expected_mean,state_outage_exposed_unseen_fraction_of_expected_std,state_outage_exposed_unseen_fraction_of_expected_median,state_transient_outage_drop_count_mean,state_transient_outage_drop_count_std,state_transient_outage_drop_count_median,state_transient_outage_drop_rate_mean,state_transient_outage_drop_rate_std,state_transient_outage_drop_rate_median,state_transient_outage_drop_fraction_of_expected_mean,state_transient_outage_drop_fraction_of_expected_std,state_transient_outage_drop_fraction_of_expected_median,state_outage_exposed_loss_count_mean,state_outage_exposed_loss_count_std,state_outage_exposed_loss_count_median,state_outage_exposed_loss_fraction_of_expected_mean,state_outage_exposed_loss_fraction_of_expected_std,state_outage_exposed_loss_fraction_of_expected_median,state_outage_exposed_version_mean,state_outage_exposed_version_std,state_outage_exposed_version_median,state_latest_version_target_mean,state_latest_version_target_std,state_latest_version_target_median,state_forward_resumption_version_mean,state_forward_resumption_version_std,state_forward_resumption_version_median,state_forward_resumption_entity_count_mean,state_forward_resumption_entity_count_std,state_forward_resumption_entity_count_median,state_forward_resumption_adequacy_rate_mean,state_forward_resumption_adequacy_rate_std,state_forward_resumption_adequacy_rate_median,state_forward_resumption_after_loss_count_mean,state_forward_resumption_after_loss_count_std,state_forward_resumption_after_loss_count_median,state_forward_resumption_after_loss_rate_mean,state_forward_resumption_after_loss_rate_std,state_forward_resumption_after_loss_rate_median
required_effect__retained_deferred__baseline__standard,required_effect__retained_deferred__baseline__standard,required_effect,0.0,retained_deferred,baseline,standard,standard,baseline,main_core,reference,10,1.0,0.0,1.0,1000.0,0.0,1000.0,0.0,0.0,0.0,1.0,0.0,1.0,0.0,0.0,0.0,1.0,0.0,1.0,0.138816,0.007121,0.136183,0.137073,0.005765,0.135231,0.238964,0.005977,0.237571,0.253297,0.010971,0.249901,0.372751,0.160478,0.337418,0.0,0.0,0.0,0.0,0.0,0.0,0.0,0.0,0.0,1.0,0.0,1.0,0.0,0.0,0.0,1.0,0.0,1.0,0.0,0.0,0.0,0.0,0.0,0.0,4.254302,0.62489,4.071882,7.03723,0.797883,6.812765,7.33636,0.793848,7.175545,7.442589,0.797558,7.176441,2.714904,0.459362,2.628251,4.265615,0.694452,4.129029,5.776842,0.72714,5.564171,6.751357,0.816355,6.552008,7.03723,0.797883,6.812765,7.33636,0.793848,7.175545,1.550711,0.285327,1.545051,1.511227,0.111687,1.554186,3.061939,0.318362,2.851881,0.974515,0.228106,0.906484,1.260388,0.219016,1.288764,0.585003,0.064904,0.562052,0.29913,0.116099,0.301295,0.193551,0.032491,0.188204,0.317863,0.066253,0.278525,0.098716,0.041891,0.098433,7.442714,0.797572,7.176532,7.378996,0.797005,7.112043,0.063718,0.079425,0.005104,0.0,0.0,0.0,0.022,0.012657,0.0205,0.105,0.021387,0.094,0.0959,0.005088,0.094,166.8,36.018884,151.0,41.2,7.467262,40.0,6.462724,0.512548,6.17615,6.309277,0.254532,6.413816,25.0,1.48324,24.0,0.0,0.0,0.0,0.0,0.0,0.0,9.500493,0.813053,9.205492,1000.0,0.0,1000.0,0.0,0.0,0.0,0.0,0.0,0.0,0.0,0.0,0.0,0.0,0.0,0.0,0.0,0.0,0.0,0.0,0.0,0.0,0.0,0.0,0.0,0.0,0.0,0.0,0.0,0.0,0.0,0.0,0.0,0.0,0.0,0.0,0.0,0.0,0.0,0.0,0.0,0.0,0.0,0.0,0.0,0.0,0.0,0.0,0.0,0.0,0.0,0.0,0.0,0.0,0.0,0.0,0.0,0.0,0.0,0.0,0.0,0.0,0.0,0.0,0.0,0.0,0.0,0.0,0.0,0.0,0.0,0.0,0.0,0.0,0.0,0.0,0.0,0.0,0.0,0.0,0.0,0.0,1.0,0.0,1.0,1.0,0.0,1.0,0.0,0.0,0.0,0.0,0.0,0.0,0.0,0.0,0.0,0.0,0.0,0.0,0.0,0.0,0.0
required_effect__retained_deferred__duplicate_pressure__extreme,required_effect__retained_deferred__duplicate_pressure__extreme,required_effect,0.0,retained_deferred,duplicate_pressure,extreme,extreme,duplicate_pressure,supporting,supporting_required_effect_probe,10,1.0,0.0,1.0,1000.0,0.0,1000.0,0.0,0.0,0.0,1.0,0.0,1.0,0.0,0.0,0.0,1.0,0.0,1.0,0.128345,0.000963,0.12847,0.127726,0.000604,0.127941,0.229538,0.001146,0.229375,0.241986,0.000931,0.242157,0.265544,0.030352,0.252664,0.0,0.0,0.0,0.0,0.0,0.0,0.0,0.0,0.0,1.0,0.0,1.0,0.0,0.0,0.0,1.0,0.0,1.0,0.0,0.0,0.0,0.0,0.0,0.0,5.658418,0.078441,5.660177,9.768787,0.161861,9.705934,10.212134,0.133609,10.235568,10.280917,0.105425,10.25226,3.349518,0.123118,3.299485,5.620529,0.103655,5.580509,7.901988,0.078841,7.888898,9.284245,0.157407,9.266047,9.768787,0.161861,9.705934,10.212134,0.133609,10.235568,2.271011,0.076752,2.295816,2.28146,0.057506,2.299402,4.552471,0.086546,4.593132,1.382256,0.124054,1.286616,1.866799,0.117823,1.791129,0.927889,0.14651,0.88371,0.443347,0.158346,0.443121,0.203549,0.030195,0.192583,0.303777,0.028285,0.28764,0.09702,0.033819,0.096604,10.281033,0.105422,10.252343,10.232534,0.109843,10.242206,0.060145,0.076867,0.002362,0.0,0.0,0.0,0.0133,0.007511,0.0115,0.0922,0.001939,0.092,0.0922,0.001939,0.092,141.5,2.837252,142.5,46.5,2.334524,46.0,9.315265,0.099626,9.287407,5.11474,0.025108,5.118373,37.2,0.4,37.0,0.0,0.0,0.0,0.0,0.0,0.0,12.366098,0.130937,12.364777,2400.0,0.0,2400.0,1400.0,0.0,1400.0,0.583333,0.0,0.583333,24.6,2.059126,25.0,1375.4,2.059126,1375.0,24.6,2.059126,25.0,1375.4,2.059126,1375.0,0.0,0.0,0.0,0.0,0.0,0.0,0.0,0.0,0.0,0.0,0.0,0.0,0.0,0.0,0.0,0.0,0.0,0.0,0.0,0.0,0.0,0.0,0.0,0.0,0.0,0.0,0.0,0.0,0.0,0.0,0.0,0.0,0.0,0.0,0.0,0.0,0.0,0.0,0.0,0.0,0.0,0.0,0.0,0.0,0.0,0.0,0.0,0.0,0.0,0.0,0.0,0.0,0.0,0.0,0.0,0.0,0.0,0.0,0.0,0.0,1.0,0.0,1.0,1.0,0.0,1.0,0.0,0.0,0.0,0.0,0.0,0.0,0.0,0.0,0.0,0.0,0.0,0.0,0.0,0.0,0.0
required_effect__retained_deferred__duplicate_pressure__standard,required_effect__retained_deferred__duplicate_pressure__standard,required_effect,0.0,retained_deferred,duplicate_pressure,standard,standard,duplicate_pressure,supporting,supporting_required_effect_probe,10,1.0,0.0,1.0,1000.0,0.0,1000.0,0.0,0.0,0.0,1.0,0.0,1.0,0.0,0.0,0.0,1.0,0.0,1.0,0.136604,0.015044,0.130749,0.13315,0.007443,0.131003,0.237631,0.014941,0.231542,0.281823,0.095261,0.244588,0.335886,0.183218,0.258165,0.0,0.0,0.0,0.0,0.0,0.0,0.0,0.0,0.0,1.0,0.0,1.0,0.0,0.0,0.0,1.0,0.0,1.0,0.0,0.0,0.0,0.0,0.0,0.0,5.252049,0.338177,5.095809,9.001253,0.882752,8.468516,9.34265,0.853502,8.955102,9.562712,0.832919,9.123113,3.158666,0.239011,3.069114,5.281274,0.258506,5.135533,7.261138,0.485905,7.05679,8.664366,0.782262,8.211325,9.001253,0.882752,8.468516,9.34265,0.853502,8.955102,2.122608,0.172335,2.057716,1.979864,0.261719,1.797778,4.102472,0.403434,3.908692,1.403228,0.3781,1.281131,1.740115,0.44923,1.54026,0.678284,0.165356,0.648334,0.341397,0.135147,0.25755,0.164751,0.035614,0.142423,0.338791,0.058145,0.332743,0.083935,0.034255,0.066566,9.562865,0.83291,9.123242,9.457928,0.880351,8.938844,0.104938,0.088559,0.103303,0.0,0.0,0.0,0.0134,0.007186,0.009,0.1185,0.023118,0.109,0.1187,0.023052,0.109,170.0,54.497706,146.5,47.4,6.374951,46.5,8.56034,0.968564,8.20012,5.497986,0.106873,5.522341,33.2,2.088061,32.0,0.0,0.0,0.0,0.0,0.0,0.0,11.655769,0.835757,11.221208,1800.0,0.0,1800.0,800.0,0.0,800.0,0.444444,0.0,0.444444,15.2,2.56125,15.0,784.8,2.56125,785.0,15.2,2.56125,15.0,784.8,2.56125,785.0,0.0,0.0,0.0,0.0,0.0,0.0,0.0,0.0,0.0,0.0,0.0,0.0,0.0,0.0,0.0,0.0,0.0,0.0,0.0,0.0,0.0,0.0,0.0,0.0,0.0,0.0,0.0,0.0,0.0,0.0,0.0,0.0,0.0,0.0,0.0,0.0,0.0,0.0,0.0,0.0,0.0,0.0,0.0,0.0,0.0,0.0,0.0,0.0,0.0,0.0,0.0,0.0,0.0,0.0,0.0,0.0,0.0,0.0,0.0,0.0,1.0,0.0,1.0,1.0,0.0,1.0,0.0,0.0,0.0,0.0,0.0,0.0,0.0,0.0,0.0,0.0,0.0,0.0,0.0,0.0,0.0
required_effect__retained_deferred__handling_gap_replayable__extreme,required_effect__retained_deferred__handling_gap_replayable__extreme,required_effect,0.0,retained_deferred,handling_gap_replayable,extreme,extreme,handling_gap_replayable,supporting,supporting_required_effect_probe,10,1.0,0.0,1.0,1000.0,0.0,1000.0,0.0,0.0,0.0,1.0,0.0,1.0,0.0,0.0,0.0,1.0,0.0,1.0,2.680185,0.210107,2.745626,2.656107,0.282715,2.727024,4.862946,0.162049,4.91791,5.080769,0.064948,5.105401,5.221582,0.036362,5.220428,0.0,0.0,0.0,0.0,0.0,0.0,0.0,0.0,0.0,1.0,0.0,1.0,0.0,0.0,0.0,1.0,0.0,1.0,0.0,0.0,0.0,0.0,0.0,0.0,6.726935,0.225412,6.629692,7.214015,0.373339,7.073046,7.320308,0.424991,7.266315,7.36159,0.458044,7.267631,6.860781,0.105127,6.840253,6.936787,0.149081,6.873318,7.029416,0.223602,6.908143,7.18037,0.322605,7.065349,7.214015,0.373339,7.073046,7.320308,0.424991,7.266315,0.076006,0.109555,0.030343,0.092628,0.111168,0.028258,0.168634,0.206723,0.057829,0.150954,0.191128,0.027211,0.1846,0.248412,0.0359,0.139938,0.195459,0.015653,0.106293,0.153091,0.006981,1.113701,1.847464,0.127535,1.213586,1.830311,0.177075,0.803576,1.33298,0.05888,7.361761,0.45812,7.267779,7.220395,0.479968,7.055775,0.141366,0.06467,0.133462,0.084636,0.077992,0.095173,0.434,0.414262,0.2915,0.5393,0.193894,0.5175,0.7698,0.185946,0.863,181.4,107.204664,124.0,24.4,13.951344,16.5,5.760214,1.492711,6.018863,25.147622,4.386482,26.48628,5.1,1.044031,5.0,0.0,0.0,0.0,0.0,0.0,0.0,9.415766,0.460264,9.287657,1000.0,0.0,1000.0,0.0,0.0,0.0,0.0,0.0,0.0,0.0,0.0,0.0,0.0,0.0,0.0,0.0,0.0,0.0,0.0,0.0,0.0,0.0,0.0,0.0,0.0,0.0,0.0,0.0,0.0,0.0,0.0,0.0,0.0,0.0,0.0,0.0,0.0,0.0,0.0,0.0,0.0,0.0,0.0,0.0,0.0,0.0,0.0,0.0,0.0,0.0,0.0,0.0,0.0,0.0,0.0,0.0,0.0,0.0,0.0,0.0,0.0,0.0,0.0,0.0,0.0,0.0,0.0,0.0,0.0,0.0,0.0,0.0,0.0,0.0,0.0,0.0,0.0,0.0,0.0,0.0,0.0,1.0,0.0,1.0,1.0,0.0,1.0,0.0,0.0,0.0,0.0,0.0,0.0,0.0,0.0,0.0,0.0,0.0,0.0,0.0,0.0,0.0
required_effect__retained_deferred__handling_gap_replayable__standard,required_effect__retained_deferred__handling_gap_replayable__standard,required_effect,0.0,retained_deferred,handling_gap_replayable,standard,standard,handling_gap_replayable,supporting,supporting_required_effect_probe,10,1.0,0.0,1.0,1000.0,0.0,1000.0,0.0,0.0,0.0,1.0,0.0,1.0,0.0,0.0,0.0,1.0,0.0,1.0,1.433771,0.061285,1.44045,1.13964,0.180894,1.185528,3.383684,0.062872,3.38291,3.586966,0.040049,3.587886,3.714728,0.022852,3.707337,0.0,0.0,0.0,0.0,0.0,0.0,0.0,0.0,0.0,1.0,0.0,1.0,0.0,0.0,0.0,1.0,0.0,1.0,0.0,0.0,0.0,0.0,0.0,0.0,5.246789,0.119883,5.295482,6.54142,0.214828,6.49301,6.817183,0.261129,6.770742,6.927333,0.304076,6.849168,5.779308,0.02121,5.768014,5.807736,0.02151,5.799227,5.859723,0.071993,5.839626,6.256057,0.223472,6.137002,6.54142,0.214828,6.49301,6.817183,0.261129,6.770742,0.028428,0.01051,0.02351,0.051987,0.074569,0.023976,0.080415,0.074329,0.049529,0.396334,0.171475,0.276709,0.681697,0.168406,0.658706,0.561126,0.116371,0.56909,0.275763,0.148018,0.310795,5.265547,1.645638,5.6909,3.443485,1.161769,2.706495,2.582723,1.584004,3.107955,6.927432,0.304077,6.849278,6.815894,0.264603,6.765147,0.111538,0.092436,0.142686,0.0,0.0,0.0,0.0173,0.012174,0.0145,0.4712,0.112495,0.432,0.6643,0.033568,0.6725,118.2,19.908792,113.0,20.9,3.562303,20.0,5.960408,0.289592,5.934826,20.025821,0.895126,20.009717,10.1,1.044031,10.0,0.0,0.0,0.0,0.0,0.0,0.0,8.99069,0.308899,8.934667,1000.0,0.0,1000.0,0.0,0.0,0.0,0.0,0.0,0.0,0.0,0.0,0.0,0.0,0.0,0.0,0.0,0.0,0.0,0.0,0.0,0.0,0.0,0.0,0.0,0.0,0.0,0.0,0.0,0.0,0.0,0.0,0.0,0.0,0.0,0.0,0.0,0.0,0.0,0.0,0.0,0.0,0.0,0.0,0.0,0.0,0.0,0.0,0.0,0.0,0.0,0.0,0.0,0.0,0.0,0.0,0.0,0.0,0.0,0.0,0.0,0.0,0.0,0.0,0.0,0.0,0.0,0.0,0.0,0.0,0.0,0.0,0.0,0.0,0.0,0.0,0.0,0.0,0.0,0.0,0.0,0.0,1.0,0.0,1.0,1.0,0.0,1.0,0.0,0.0,0.0,0.0,0.0,0.0,0.0,0.0,0.0,0.0,0.0,0.0,0.0,0.0,0.0
required_effect__retained_deferred__source_omission__standard,required_effect__retained_deferred__source_omission__standard,required_effect,0.0,retained_deferred,source_omission,standard,standard,source_omission,supporting,supporting_required_effect_probe,10,0.8,0.0,0.8,800.0,0.0,800.0,0.0,0.0,0.0,0.8,0.0,0.8,0.0,0.0,0.0,0.8,0.0,0.8,0.139544,0.007294,0.139086,0.13876,0.006432,0.137625,0.240721,0.006735,0.240186,0.254542,0.008652,0.252463,0.309035,0.055493,0.282858,0.0,0.0,0.0,0.0,0.0,0.0,0.0,0.0,0.0,0.8,0.0,0.8,200.0,0.0,200.0,0.0,0.0,0.0,0.0,0.0,0.0,1.0,0.0,1.0,4.321416,0.272913,4.351503,7.077999,0.547519,7.033086,7.393072,0.539103,7.334803,7.432691,0.574152,7.335719,2.763525,0.193088,2.706154,4.258838,0.225023,4.244276,5.917082,0.479219,5.852529,6.736332,0.482156,6.77164,7.077999,0.547519,7.033086,7.393072,0.539103,7.334803,1.495313,0.167279,1.555869,1.658244,0.287247,1.565026,3.153557,0.394426,2.860021,0.81925,0.080732,0.783339,1.160917,0.147294,1.05568,0.656741,0.133559,0.615348,0.315073,0.119476,0.307978,0.208983,0.034908,0.199509,0.263903,0.043227,0.272284,0.102122,0.037734,0.107403,7.433207,0.574362,7.335852,7.385259,0.524184,7.332664,0.047948,0.080364,0.004695,0.0,0.0,0.0,0.028125,0.013101,0.0325,0.112375,0.018485,0.10125,0.099625,0.004072,0.10125,199.8,95.911209,148.0,46.3,15.212166,39.0,7.920371,0.705922,7.692836,5.604901,0.263054,5.650616,24.4,1.356466,24.5,0.0,0.0,0.0,0.0,0.0,0.0,9.625531,0.551201,9.646354,800.0,0.0,800.0,0.0,0.0,0.0,0.0,0.0,0.0,0.0,0.0,0.0,0.0,0.0,0.0,0.0,0.0,0.0,0.0,0.0,0.0,0.0,0.0,0.0,0.0,0.0,0.0,0.0,0.0,0.0,0.0,0.0,0.0,0.0,0.0,0.0,0.0,0.0,0.0,0.0,0.0,0.0,0.0,0.0,0.0,0.0,0.0,0.0,0.0,0.0,0.0,0.0,0.0,0.0,0.0,0.0,0.0,0.0,0.0,0.0,0.0,0.0,0.0,0.0,0.0,0.0,0.0,0.0,0.0,0.0,0.0,0.0,0.0,0.0,0.0,0.0,0.0,0.0,0.0,0.0,0.0,1.0,0.0,1.0,1.0,0.0,1.0,0.0,0.0,0.0,0.0,0.0,0.0,0.0,0.0,0.0,0.0,0.0,0.0,0.0,0.0,0.0
required_effect__retained_immediate__baseline__standard,required_effect__retained_immediate__baseline__standard,required_effect,0.0,retained_immediate,baseline,standard,standard,baseline,main_core,reference,10,1.0,0.0,1.0,1000.0,0.0,1000.0,0.0,0.0,0.0,1.0,0.0,1.0,0.0,0.0,0.0,1.0,0.0,1.0,0.001274,0.000704,0.000962,0.000627,9.6e-05,0.0006,0.001156,0.00029,0.001066,0.001615,0.000661,0.00138,0.02013,0.029785,0.00513,0.0,0.0,0.0,0.0,0.0,0.0,0.0,0.0,0.0,1.0,0.0,1.0,0.0,0.0,0.0,1.0,0.0,1.0,0.0,0.0,0.0,0.0,0.0,0.0,3.889353,0.178844,3.850086,6.621557,0.313188,6.435037,6.88975,0.339556,6.715847,6.946036,0.3491,6.767873,2.409822,0.19254,2.395447,3.85187,0.191201,3.846979,5.353113,0.198443,5.275766,6.302361,0.271558,6.150074,6.621557,0.313188,6.435037,6.88975,0.339556,6.715847,1.442048,0.056046,1.427684,1.501243,0.089842,1.489021,2.943291,0.112223,2.920021,0.949248,0.191897,0.873363,1.268444,0.218294,1.159749,0.58739,0.129095,0.531559,0.268193,0.055593,0.229367,0.199319,0.040773,0.178005,0.322371,0.063895,0.30088,0.091226,0.019067,0.078195,6.95206,0.349823,6.773542,7.096801,0.346649,6.91523,0.0,0.0,0.0,0.0,0.0,0.0,0.0,0.0,0.0,0.1051,0.010821,0.109,0.0918,0.002993,0.0915,994.5,6.682066,997.5,575.5,14.410066,583.0,6.037487,0.304941,6.034303,0.843785,0.727811,0.797671,0.0,0.0,0.0,0.0,0.0,0.0,0.0,0.0,0.0,9.06093,0.40377,8.852827,1000.0,0.0,1000.0,0.0,0.0,0.0,0.0,0.0,0.0,0.0,0.0,0.0,0.0,0.0,0.0,0.0,0.0,0.0,0.0,0.0,0.0,0.0,0.0,0.0,0.0,0.0,0.0,0.0,0.0,0.0,0.0,0.0,0.0,0.0,0.0,0.0,0.0,0.0,0.0,0.0,0.0,0.0,0.0,0.0,0.0,0.0,0.0,0.0,0.0,0.0,0.0,0.0,0.0,0.0,0.0,0.0,0.0,0.0,0.0,0.0,0.0,0.0,0.0,0.0,0.0,0.0,0.0,0.0,0.0,0.0,0.0,0.0,0.0,0.0,0.0,0.0,0.0,0.0,0.0,0.0,0.0,1.0,0.0,1.0,1.0,0.0,1.0,0.0,0.0,0.0,0.0,0.0,0.0,0.0,0.0,0.0,0.0,0.0,0.0,0.0,0.0,0.0
required_effect__retained_immediate__duplicate_pressure__extreme,required_effect__retained_immediate__duplicate_pressure__extreme,required_effect,0.0,retained_immediate,duplicate_pressure,extreme,extreme,duplicate_pressure,supporting,supporting_required_effect_probe,10,1.0,0.0,1.0,1000.0,0.0,1000.0,0.0,0.0,0.0,1.0,0.0,1.0,0.0,0.0,0.0,1.0,0.0,1.0,0.000765,0.000162,0.000725,0.000621,9.8e-05,0.000638,0.000952,0.000193,0.000905,0.001117,0.000251,0.001045,0.00201,0.000865,0.001451,0.0,0.0,0.0,0.0,0.0,0.0,0.0,0.0,0.0,1.0,0.0,1.0,0.0,0.0,0.0,1.0,0.0,1.0,0.0,0.0,0.0,0.0,0.0,0.0,5.872248,0.228457,5.86928,10.23968,0.346391,10.265,10.635987,0.353303,10.650111,10.722452,0.355197,10.729809,3.429495,0.199672,3.458757,5.884076,0.256622,5.871239,8.290469,0.291491,8.308489,9.762385,0.343612,9.787606,10.23968,0.346391,10.265,10.635987,0.353303,10.650111,2.454582,0.164381,2.3848,2.406393,0.124455,2.350005,4.860974,0.209173,4.752809,1.471916,0.127131,1.46354,1.949212,0.140812,1.939351,0.873602,0.04692,0.861061,0.396307,0.02634,0.388886,0.179999,0.011294,0.185267,0.303209,0.027564,0.302519,0.08161,0.005431,0.08164,10.733023,0.35734,10.740136,10.877529,0.361163,10.87105,0.0,0.0,0.0,0.0,0.0,0.0,0.0,0.0,0.0,0.1147,0.004148,0.1125,0.0961,0.011861,0.0895,1000.0,0.0,1000.0,858.7,11.036757,855.5,9.710203,0.298166,9.610905,0.529333,0.511177,0.324033,0.0,0.0,0.0,0.0,0.0,0.0,0.0,0.0,0.0,12.852448,0.365834,12.848687,2400.0,0.0,2400.0,1400.0,0.0,1400.0,0.583333,0.0,0.583333,1400.0,0.0,1400.0,0.0,0.0,0.0,1400.0,0.0,1400.0,0.0,0.0,0.0,0.0,0.0,0.0,0.0,0.0,0.0,0.0,0.0,0.0,0.0,0.0,0.0,0.0,0.0,0.0,0.0,0.0,0.0,0.0,0.0,0.0,0.0,0.0,0.0,0.0,0.0,0.0,0.0,0.0,0.0,0.0,0.0,0.0,0.0,0.0,0.0,0.0,0.0,0.0,0.0,0.0,0.0,0.0,0.0,0.0,0.0,0.0,0.0,0.0,0.0,0.0,0.0,0.0,0.0,0.0,0.0,0.0,0.0,0.0,0.0,1.0,0.0,1.0,1.0,0.0,1.0,0.0,0.0,0.0,0.0,0.0,0.0,0.0,0.0,0.0,0.0,0.0,0.0,0.0,0.0,0.0
required_effect__retained_immediate__duplicate_pressure__standard,required_effect__retained_immediate__duplicate_pressure__standard,required_effect,0.0,retained_immediate,duplicate_pressure,standard,standard,duplicate_pressure,supporting,supporting_required_effect_probe,10,1.0,0.0,1.0,1000.0,0.0,1000.0,0.0,0.0,0.0,1.0,0.0,1.0,0.0,0.0,0.0,1.0,0.0,1.0,0.003422,0.006005,0.00117,0.000827,0.000151,0.000769,0.001981,0.001673,0.001244,0.021388,0.056359,0.001605,0.060484,0.13763,0.007654,0.0,0.0,0.0,0.0,0.0,0.0,0.0,0.0,0.0,1.0,0.0,1.0,0.0,0.0,0.0,1.0,0.0,1.0,0.0,0.0,0.0,0.0,0.0,0.0,5.37599,0.29211,5.265261,9.278036,0.681769,9.02907,9.643459,0.7829,9.362281,9.717266,0.792593,9.437485,3.202366,0.174097,3.170932,5.392829,0.258481,5.298739,7.503048,0.378757,7.343853,8.813173,0.557055,8.603983,9.278036,0.681769,9.02907,9.643459,0.7829,9.362281,2.190463,0.106672,2.183122,2.110219,0.129007,2.056806,4.300682,0.222783,4.250536,1.310125,0.234017,1.258124,1.774989,0.377879,1.656865,0.830286,0.253558,0.736873,0.365422,0.107205,0.332071,0.191939,0.050378,0.173621,0.303906,0.044186,0.295509,0.084412,0.020926,0.076652,9.728537,0.799377,9.444596,9.885269,0.789613,9.596713,0.0,0.0,0.0,0.0,0.0,0.0,0.0,0.0,0.0,0.1245,0.014493,0.119,0.1102,0.016204,0.103,994.5,9.552487,999.0,749.6,20.819222,747.0,8.711202,0.82361,8.353953,0.71096,0.46272,0.532895,0.0,0.0,0.0,0.0,0.0,0.0,0.0,0.0,0.0,11.845189,0.836444,11.564457,1800.0,0.0,1800.0,800.0,0.0,800.0,0.444444,0.0,0.444444,800.0,0.0,800.0,0.0,0.0,0.0,800.0,0.0,800.0,0.0,0.0,0.0,0.0,0.0,0.0,0.0,0.0,0.0,0.0,0.0,0.0,0.0,0.0,0.0,0.0,0.0,0.0,0.0,0.0,0.0,0.0,0.0,0.0,0.0,0.0,0.0,0.0,0.0,0.0,0.0,0.0,0.0,0.0,0.0,0.0,0.0,0.0,0.0,0.0,0.0,0.0,0.0,0.0,0.0,0.0,0.0,0.0,0.0,0.0,0.0,0.0,0.0,0.0,0.0,0.0,0.0,0.0,0.0,0.0,0.0,0.0,0.0,1.0,0.0,1.0,1.0,0.0,1.0,0.0,0.0,0.0,0.0,0.0,0.0,0.0,0.0,0.0,0.0,0.0,0.0,0.0,0.0,0.0
required_effect__retained_immediate__handling_gap_replayable__extreme,required_effect__retained_immediate__handling_gap_replayable__extreme,required_effect,0.0,retained_immediate,handling_gap_replayable,extreme,extreme,handling_gap_replayable,supporting,supporting_required_effect_probe,10,1.0,0.0,1.0,1000.0,0.0,1000.0,0.0,0.0,0.0,1.0,0.0,1.0,0.0,0.0,0.0,1.0,0.0,1.0,2.326076,0.070615,2.352617,2.304161,0.098676,2.34638,4.463534,0.041034,4.469124,4.730735,0.03589,4.73792,4.944641,0.034235,4.951928,0.0,0.0,0.0,0.0,0.0,0.0,0.0,0.0,0.0,1.0,0.0,1.0,0.0,0.0,0.0,1.0,0.0,1.0,0.0,0.0,0.0,0.0,0.0,0.0,6.210844,0.245406,6.170084,6.845336,0.137954,6.761605,6.891712,0.19628,6.792347,6.905621,0.210703,6.818609,6.563731,0.022535,6.560751,6.648674,0.042955,6.629167,6.740008,0.077656,6.701065,6.79963,0.093079,6.750248,6.845336,0.137954,6.761605,6.891712,0.19628,6.792347,0.084943,0.024094,0.07736,0.091334,0.040516,0.077007,0.176277,0.062828,0.152776,0.059622,0.026465,0.047467,0.105328,0.112101,0.058824,0.092082,0.167118,0.029098,0.046377,0.077318,0.014988,0.662496,1.307553,0.170244,0.358091,0.185423,0.29849,0.341292,0.611264,0.080596,6.907196,0.212666,6.821446,7.07925,0.215337,6.979059,0.0,0.0,0.0,0.0,0.0,0.0,0.0,0.0,0.0,0.3228,0.072614,0.3415,0.748,0.182335,0.82,364.3,83.908343,344.0,88.4,20.465581,81.5,5.89214,0.212878,5.824395,26.939499,0.963729,27.25189,0.0,0.0,0.0,0.0,0.0,0.0,0.0,0.0,0.0,8.990387,0.198947,8.945072,1000.0,0.0,1000.0,0.0,0.0,0.0,0.0,0.0,0.0,0.0,0.0,0.0,0.0,0.0,0.0,0.0,0.0,0.0,0.0,0.0,0.0,0.0,0.0,0.0,0.0,0.0,0.0,0.0,0.0,0.0,0.0,0.0,0.0,0.0,0.0,0.0,0.0,0.0,0.0,0.0,0.0,0.0,0.0,0.0,0.0,0.0,0.0,0.0,0.0,0.0,0.0,0.0,0.0,0.0,0.0,0.0,0.0,0.0,0.0,0.0,0.0,0.0,0.0,0.0,0.0,0.0,0.0,0.0,0.0,0.0,0.0,0.0,0.0,0.0,0.0,0.0,0.0,0.0,0.0,0.0,0.0,1.0,0.0,1.0,1.0,0.0,1.0,0.0,0.0,0.0,0.0,0.0,0.0,0.0,0.0,0.0,0.0,0.0,0.0,0.0,0.0,0.0
required_effect__retained_immediate__handling_gap_replayable__standard,required_effect__retained_immediate__handling_gap_replayable__standard,required_effect,0.0,retained_immediate,handling_gap_replayable,standard,standard,handling_gap_replayable,supporting,supporting_required_effect_probe,10,1.0,0.0,1.0,1000.0,0.0,1000.0,0.0,0.0,0.0,1.0,0.0,1.0,0.0,0.0,0.0,1.0,0.0,1.0,1.152422,0.016277,1.152349,0.835905,0.028266,0.83566,2.984288,0.018712,2.978849,3.247674,0.016001,3.242535,3.457015,0.007297,3.454023,0.0,0.0,0.0,0.0,0.0,0.0,0.0,0.0,0.0,1.0,0.0,1.0,0.0,0.0,0.0,1.0,0.0,1.0,0.0,0.0,0.0,0.0,0.0,0.0,5.022212,0.287692,4.96873,6.40609,0.291034,6.35638,6.627001,0.29205,6.580583,6.676426,0.292386,6.630876,5.540862,0.018155,5.539597,5.606074,0.022373,5.604615,5.702295,0.125188,5.666552,6.130966,0.291757,6.076751,6.40609,0.291034,6.35638,6.627001,0.29205,6.580583,0.065212,0.00858,0.069039,0.096221,0.121388,0.055697,0.161433,0.117266,0.126955,0.428671,0.186558,0.409253,0.703794,0.186051,0.685896,0.496035,0.004965,0.493985,0.220911,0.002803,0.220261,3.766176,0.98951,3.892414,2.994294,1.147012,3.155091,1.675625,0.438096,1.735151,6.681895,0.292377,6.636396,6.831012,0.294344,6.766309,0.0,0.0,0.0,0.0,0.0,0.0,0.0,0.0,0.0,0.6443,0.019504,0.6525,0.662,0.011983,0.6645,500.5,18.575522,501.0,212.1,6.891299,210.0,5.625022,0.065358,5.604631,19.7469,0.226701,19.811743,0.0,0.0,0.0,0.0,0.0,0.0,0.0,0.0,0.0,8.778306,0.306676,8.71606,1000.0,0.0,1000.0,0.0,0.0,0.0,0.0,0.0,0.0,0.0,0.0,0.0,0.0,0.0,0.0,0.0,0.0,0.0,0.0,0.0,0.0,0.0,0.0,0.0,0.0,0.0,0.0,0.0,0.0,0.0,0.0,0.0,0.0,0.0,0.0,0.0,0.0,0.0,0.0,0.0,0.0,0.0,0.0,0.0,0.0,0.0,0.0,0.0,0.0,0.0,0.0,0.0,0.0,0.0,0.0,0.0,0.0,0.0,0.0,0.0,0.0,0.0,0.0,0.0,0.0,0.0,0.0,0.0,0.0,0.0,0.0,0.0,0.0,0.0,0.0,0.0,0.0,0.0,0.0,0.0,0.0,1.0,0.0,1.0,1.0,0.0,1.0,0.0,0.0,0.0,0.0,0.0,0.0,0.0,0.0,0.0,0.0,0.0,0.0,0.0,0.0,0.0
required_effect__retained_immediate__source_omission__standard,required_effect__retained_immediate__source_omission__standard,required_effect,0.0,retained_immediate,source_omission,standard,standard,source_omission,supporting,supporting_required_effect_probe,10,0.8,0.0,0.8,800.0,0.0,800.0,0.0,0.0,0.0,0.8,0.0,0.8,0.0,0.0,0.0,0.8,0.0,0.8,0.004072,0.007266,0.001866,0.001173,0.000426,0.001058,0.002923,0.002452,0.002281,0.020774,0.050772,0.003603,0.075857,0.205925,0.007628,0.0,0.0,0.0,0.0,0.0,0.0,0.0,0.0,0.0,0.8,0.0,0.8,200.0,0.0,200.0,0.0,0.0,0.0,0.0,0.0,0.0,1.0,0.0,1.0,4.462049,0.793242,4.264611,7.344563,1.005671,7.231078,7.595645,1.007295,7.470018,7.649905,1.012073,7.523807,2.847782,0.775185,2.611639,4.485072,0.852904,4.286112,6.122889,0.999344,5.929057,7.035251,0.991417,6.92603,7.344563,1.005671,7.231078,7.595645,1.007295,7.470018,1.637289,0.204396,1.628994,1.637817,0.219908,1.592499,3.275107,0.371859,3.317418,0.912362,0.086732,0.902251,1.221675,0.122035,1.179561,0.560394,0.113356,0.526374,0.251082,0.050502,0.23894,0.171545,0.027347,0.169756,0.281095,0.032022,0.291792,0.077136,0.014194,0.073272,7.658568,1.011945,7.529925,7.814861,1.0286,7.703308,0.0,0.0,0.0,0.0,0.0,0.0,0.0,0.0,0.0,0.122625,0.020136,0.11625,0.09975,0.020247,0.093125,796.2,10.740577,800.0,567.9,38.399089,574.5,8.147827,0.923359,8.165251,0.971734,1.568108,0.426327,0.0,0.0,0.0,0.0,0.0,0.0,0.0,0.0,0.0,9.974454,1.001576,9.914532,800.0,0.0,800.0,0.0,0.0,0.0,0.0,0.0,0.0,0.0,0.0,0.0,0.0,0.0,0.0,0.0,0.0,0.0,0.0,0.0,0.0,0.0,0.0,0.0,0.0,0.0,0.0,0.0,0.0,0.0,0.0,0.0,0.0,0.0,0.0,0.0,0.0,0.0,0.0,0.0,0.0,0.0,0.0,0.0,0.0,0.0,0.0,0.0,0.0,0.0,0.0,0.0,0.0,0.0,0.0,0.0,0.0,0.0,0.0,0.0,0.0,0.0,0.0,0.0,0.0,0.0,0.0,0.0,0.0,0.0,0.0,0.0,0.0,0.0,0.0,0.0,0.0,0.0,0.0,0.0,0.0,1.0,0.0,1.0,1.0,0.0,1.0,0.0,0.0,0.0,0.0,0.0,0.0,0.0,0.0,0.0,0.0,0.0,0.0,0.0,0.0,0.0
required_effect__transient_immediate__baseline__standard,required_effect__transient_immediate__baseline__standard,required_effect,0.0,transient_immediate,baseline,standard,standard,baseline,main_core,reference,10,1.0,0.0,1.0,1000.0,0.0,1000.0,0.0,0.0,0.0,1.0,0.0,1.0,0.0,0.0,0.0,1.0,0.0,1.0,0.000813,0.000685,0.000566,0.000516,3.9e-05,0.000509,0.000821,0.000197,0.000748,0.000971,0.000249,0.000881,0.013515,0.035699,0.001228,0.0,0.0,0.0,0.0,0.0,0.0,0.0,0.0,0.0,1.0,0.0,1.0,0.0,0.0,0.0,1.0,0.0,1.0,0.0,0.0,0.0,0.0,0.0,0.0,3.785691,0.060616,3.789946,6.297964,0.102153,6.282484,6.51823,0.101868,6.508414,6.567507,0.102123,6.557407,2.388029,0.06442,2.370926,3.785226,0.069119,3.769912,5.184271,0.084127,5.174414,6.021185,0.099986,6.005532,6.297964,0.102153,6.282484,6.51823,0.101868,6.508414,1.397197,0.059603,1.377272,1.399045,0.047592,1.38799,2.796242,0.084434,2.758484,0.836914,0.021887,0.826806,1.113692,0.022698,1.103523,0.497045,0.005987,0.495922,0.220266,0.004095,0.220691,0.177886,0.00477,0.178758,0.299389,0.005699,0.299762,0.078851,0.00296,0.07978,6.573038,0.102128,6.56283,6.673964,0.102154,6.663572,0.0,0.0,0.0,0.0,0.0,0.0,0.0,0.0,0.0,0.0959,0.0027,0.095,0.0921,0.0003,0.092,998.5,3.85357,1000.0,554.4,7.748548,553.0,5.586227,0.120062,5.525812,0.211247,0.283319,0.089701,0.0,0.0,0.0,0.0,0.0,0.0,0.0,0.0,0.0,8.617429,0.125686,8.599134,1000.0,0.0,1000.0,0.0,0.0,0.0,0.0,0.0,0.0,0.0,0.0,0.0,0.0,0.0,0.0,0.0,0.0,0.0,0.0,0.0,0.0,0.0,0.0,0.0,0.0,0.0,0.0,0.0,0.0,0.0,0.0,0.0,0.0,0.0,0.0,0.0,0.0,0.0,0.0,0.0,0.0,0.0,0.0,0.0,0.0,0.0,0.0,0.0,0.0,0.0,0.0,0.0,0.0,0.0,0.0,0.0,0.0,0.0,0.0,0.0,0.0,0.0,0.0,0.0,0.0,0.0,0.0,0.0,0.0,0.0,0.0,0.0,0.0,0.0,0.0,0.0,0.0,0.0,0.0,0.0,0.0,1.0,0.0,1.0,1.0,0.0,1.0,0.0,0.0,0.0,0.0,0.0,0.0,0.0,0.0,0.0,0.0,0.0,0.0,0.0,0.0,0.0
required_effect__transient_immediate__duplicate_pressure__extreme,required_effect__transient_immediate__duplicate_pressure__extreme,required_effect,0.0,transient_immediate,duplicate_pressure,extreme,extreme,duplicate_pressure,supporting,supporting_required_effect_probe,10,1.0,0.0,1.0,1000.0,0.0,1000.0,0.0,0.0,0.0,1.0,0.0,1.0,0.0,0.0,0.0,1.0,0.0,1.0,0.001017,0.000404,0.000859,0.000706,0.000223,0.000588,0.001165,0.00048,0.000914,0.001468,0.000693,0.00112,0.002778,0.001529,0.002071,0.0,0.0,0.0,0.0,0.0,0.0,0.0,0.0,0.0,1.0,0.0,1.0,0.0,0.0,0.0,1.0,0.0,1.0,0.0,0.0,0.0,0.0,0.0,0.0,6.287453,0.917727,5.801765,10.8399,1.258461,10.219512,11.260477,1.284676,10.60492,11.35023,1.296076,10.685704,3.760491,0.789863,3.345179,6.286496,0.985399,5.706266,8.820353,1.08399,8.204771,10.33723,1.209035,9.731748,10.8399,1.258461,10.219512,11.260477,1.284676,10.60492,2.526004,0.355462,2.375688,2.533857,0.293896,2.410576,5.059862,0.563626,4.82302,1.516877,0.168198,1.470029,2.019547,0.214382,1.963341,0.923247,0.096797,0.890652,0.420577,0.052647,0.397559,0.183294,0.017234,0.177414,0.300375,0.01772,0.30317,0.08363,0.011007,0.081298,11.360245,1.29713,10.696428,11.490236,1.293621,10.801718,0.0,0.0,0.0,0.0,0.0,0.0,0.0,0.0,0.0,0.1181,0.005974,0.116,0.1027,0.013719,0.1,1000.0,0.0,1000.0,867.8,20.989521,859.5,10.178101,1.077457,9.786244,0.574117,0.592995,0.382512,0.0,0.0,0.0,0.0,0.0,0.0,0.0,0.0,0.0,13.402464,1.316316,12.720804,2400.0,0.0,2400.0,1400.0,0.0,1400.0,0.583333,0.0,0.583333,1400.0,0.0,1400.0,0.0,0.0,0.0,1400.0,0.0,1400.0,0.0,0.0,0.0,0.0,0.0,0.0,0.0,0.0,0.0,0.0,0.0,0.0,0.0,0.0,0.0,0.0,0.0,0.0,0.0,0.0,0.0,0.0,0.0,0.0,0.0,0.0,0.0,0.0,0.0,0.0,0.0,0.0,0.0,0.0,0.0,0.0,0.0,0.0,0.0,0.0,0.0,0.0,0.0,0.0,0.0,0.0,0.0,0.0,0.0,0.0,0.0,0.0,0.0,0.0,0.0,0.0,0.0,0.0,0.0,0.0,0.0,0.0,0.0,1.0,0.0,1.0,1.0,0.0,1.0,0.0,0.0,0.0,0.0,0.0,0.0,0.0,0.0,0.0,0.0,0.0,0.0,0.0,0.0,0.0
required_effect__transient_immediate__duplicate_pressure__standard,required_effect__transient_immediate__duplicate_pressure__standard,required_effect,0.0,transient_immediate,duplicate_pressure,standard,standard,duplicate_pressure,supporting,supporting_required_effect_probe,10,1.0,0.0,1.0,1000.0,0.0,1000.0,0.0,0.0,0.0,1.0,0.0,1.0,0.0,0.0,0.0,1.0,0.0,1.0,0.001859,0.001882,0.001042,0.000672,0.00024,0.000615,0.001312,0.000766,0.000966,0.002029,0.001301,0.001672,0.026194,0.038344,0.008332,0.0,0.0,0.0,0.0,0.0,0.0,0.0,0.0,0.0,1.0,0.0,1.0,0.0,0.0,0.0,1.0,0.0,1.0,0.0,0.0,0.0,0.0,0.0,0.0,5.481353,1.311857,4.878571,9.374311,1.725994,8.660514,9.729282,1.737949,8.962898,9.804003,1.739414,9.029884,3.164279,0.721526,2.938483,5.591272,1.621872,4.879478,7.701328,1.713265,6.932083,8.95708,1.74003,8.257314,9.374311,1.725994,8.660514,9.729282,1.737949,8.962898,2.426993,0.946315,1.971224,2.110057,0.274906,1.965992,4.53705,1.033066,4.029989,1.255751,0.124806,1.238705,1.672983,0.167821,1.602099,0.772203,0.125278,0.719199,0.354971,0.093077,0.328027,0.17653,0.038463,0.176278,0.285848,0.045845,0.288497,0.080682,0.02218,0.076953,9.812223,1.737959,9.038652,9.917167,1.737386,9.142533,0.0,0.0,0.0,0.0,0.0,0.0,0.0,0.0,0.0,0.1228,0.010225,0.1245,0.1112,0.007222,0.108,996.3,6.679072,1000.0,743.7,29.681813,735.5,8.780492,1.301809,8.27396,1.335999,2.321287,0.500428,0.0,0.0,0.0,0.0,0.0,0.0,0.0,0.0,0.0,11.842726,1.744531,11.059929,1800.0,0.0,1800.0,800.0,0.0,800.0,0.444444,0.0,0.444444,800.0,0.0,800.0,0.0,0.0,0.0,800.0,0.0,800.0,0.0,0.0,0.0,0.0,0.0,0.0,0.0,0.0,0.0,0.0,0.0,0.0,0.0,0.0,0.0,0.0,0.0,0.0,0.0,0.0,0.0,0.0,0.0,0.0,0.0,0.0,0.0,0.0,0.0,0.0,0.0,0.0,0.0,0.0,0.0,0.0,0.0,0.0,0.0,0.0,0.0,0.0,0.0,0.0,0.0,0.0,0.0,0.0,0.0,0.0,0.0,0.0,0.0,0.0,0.0,0.0,0.0,0.0,0.0,0.0,0.0,0.0,0.0,1.0,0.0,1.0,1.0,0.0,1.0,0.0,0.0,0.0,0.0,0.0,0.0,0.0,0.0,0.0,0.0,0.0,0.0,0.0,0.0,0.0
required_effect__transient_immediate__handling_gap_replayable__extreme,required_effect__transient_immediate__handling_gap_replayable__extreme,required_effect,0.0,transient_immediate,handling_gap_replayable,extreme,extreme,handling_gap_replayable,supporting,supporting_required_effect_probe,10,0.1283,0.035454,0.12,128.3,35.454337,120.0,0.0,0.0,0.0,0.1283,0.035454,0.12,0.0,0.0,0.0,0.1283,0.035454,0.12,0.00082,0.000546,0.000609,0.000647,0.000276,0.000551,0.001026,0.000771,0.000744,0.001667,0.002323,0.000836,0.005671,0.007707,0.004098,0.0,0.0,0.0,0.0,0.0,0.0,0.0,0.0,0.0,0.1283,0.035454,0.12,871.7,35.454337,880.0,0.0,0.0,0.0,0.0,0.0,0.0,1.0,0.0,1.0,2.51548,1.26966,2.52714,4.630684,2.582866,6.63326,5.159347,2.404347,6.659247,5.164071,2.403705,6.66521,1.11788,0.210855,1.130706,1.803414,1.602429,1.318096,3.992799,2.643688,3.998556,4.594584,2.583642,6.597307,4.630684,2.582866,6.63326,5.165681,2.404777,6.66521,0.690369,1.483901,0.18477,2.18455,2.461115,0.244219,2.874919,2.514571,2.914936,0.607307,1.498038,0.108872,1.143546,1.989795,0.153895,0.565575,1.495206,0.069589,0.029336,0.008249,0.025427,1.939248,5.556996,0.095368,1.752236,4.830303,0.158775,0.042514,0.037148,0.039374,5.169178,2.403472,6.670819,6.75122,0.180725,6.771721,0.0,0.0,0.0,0.0,0.0,0.0,0.0,0.0,0.0,0.154228,0.037753,0.154449,0.371596,0.092941,0.380217,128.3,35.454337,120.0,73.4,22.32577,68.5,36.405186,21.264862,44.787571,6.628446,4.350264,8.87423,0.0,0.0,0.0,0.0,0.0,0.0,0.0,0.0,0.0,8.091926,1.021124,8.685755,128.3,35.454337,120.0,0.0,0.0,0.0,0.0,0.0,0.0,0.0,0.0,0.0,0.0,0.0,0.0,0.0,0.0,0.0,0.0,0.0,0.0,0.0,0.0,0.0,0.0,0.0,0.0,0.0,0.0,0.0,0.0,0.0,0.0,0.0,0.0,0.0,0.0,0.0,0.0,0.0,0.0,0.0,0.0,0.0,0.0,0.0,0.0,0.0,0.0,0.0,0.0,0.0,0.0,0.0,0.0,0.0,0.0,0.0,0.0,0.0,0.0,0.0,0.0,0.0,0.0,0.0,0.0,0.0,0.0,0.0,0.0,0.0,0.0,0.0,0.0,0.0,0.0,0.0,0.0,0.0,0.0,1.0,0.0,1.0,1.0,0.0,1.0,0.0,0.0,0.0,0.0,0.0,0.0,0.0,0.0,0.0,0.0,0.0,0.0,0.0,0.0,0.0
required_effect__transient_immediate__handling_gap_replayable__standard,required_effect__transient_immediate__handling_gap_replayable__standard,required_effect,0.0,transient_immediate,handling_gap_replayable,standard,standard,handling_gap_replayable,supporting,supporting_required_effect_probe,10,0.4012,0.079311,0.375,401.2,79.310529,375.0,0.0,0.0,0.0,0.4012,0.079311,0.375,0.0,0.0,0.0,0.4012,0.079311,0.375,0.001065,0.001432,0.000594,0.000516,6.9e-05,0.000499,0.000814,8.4e-05,0.00084,0.000933,9.4e-05,0.00094,0.017761,0.049126,0.001398,0.0,0.0,0.0,0.0,0.0,0.0,0.0,0.0,0.0,0.4012,0.079311,0.375,598.8,79.310529,625.0,0.0,0.0,0.0,0.0,0.0,0.0,1.0,0.0,1.0,3.978709,0.601751,3.792965,6.620326,0.503252,6.447818,6.70863,0.518464,6.529748,6.726645,0.52313,6.546088,1.550664,0.172629,1.503194,4.220713,1.897084,5.51272,6.184678,0.420909,6.040004,6.509909,0.482704,6.344332,6.620326,0.503252,6.447818,6.714124,0.518475,6.535174,2.672232,1.77131,4.014654,1.961782,1.694813,0.703606,4.634014,0.272244,4.549752,0.33067,0.064148,0.308492,0.441187,0.085164,0.411771,0.198777,0.036651,0.187802,0.08826,0.015631,0.082835,0.042621,0.004691,0.041222,0.070868,0.008401,0.067908,0.018932,0.001974,0.01827,6.732164,0.523076,6.551526,6.83303,0.523018,6.652192,0.0,0.0,0.0,0.0,0.0,0.0,0.0,0.0,0.0,0.102683,0.003919,0.101604,0.11903,0.012063,0.122995,399.3,73.613925,375.0,220.5,37.545306,208.5,14.538569,1.098872,14.906341,12.277845,0.407719,12.13906,0.0,0.0,0.0,0.0,0.0,0.0,0.0,0.0,0.0,8.756318,0.535599,8.571025,401.2,79.310529,375.0,0.0,0.0,0.0,0.0,0.0,0.0,0.0,0.0,0.0,0.0,0.0,0.0,0.0,0.0,0.0,0.0,0.0,0.0,0.0,0.0,0.0,0.0,0.0,0.0,0.0,0.0,0.0,0.0,0.0,0.0,0.0,0.0,0.0,0.0,0.0,0.0,0.0,0.0,0.0,0.0,0.0,0.0,0.0,0.0,0.0,0.0,0.0,0.0,0.0,0.0,0.0,0.0,0.0,0.0,0.0,0.0,0.0,0.0,0.0,0.0,0.0,0.0,0.0,0.0,0.0,0.0,0.0,0.0,0.0,0.0,0.0,0.0,0.0,0.0,0.0,0.0,0.0,0.0,1.0,0.0,1.0,1.0,0.0,1.0,0.0,0.0,0.0,0.0,0.0,0.0,0.0,0.0,0.0,0.0,0.0,0.0,0.0,0.0,0.0
required_effect__transient_immediate__source_omission__standard,required_effect__transient_immediate__source_omission__standard,required_effect,0.0,transient_immediate,source_omission,standard,standard,source_omission,supporting,supporting_required_effect_probe,10,0.7999,0.0003,0.8,799.9,0.3,800.0,0.0,0.0,0.0,0.7999,0.0003,0.8,0.0,0.0,0.0,0.7999,0.0003,0.8,0.00344,0.004816,0.000784,0.00075,0.000335,0.000634,0.001292,0.000853,0.000881,0.003728,0.006679,0.001065,0.022473,0.039241,0.001667,0.0,0.0,0.0,0.0,0.0,0.0,0.0,0.0,0.0,0.7999,0.0003,0.8,200.1,0.3,200.0,0.0,0.0,0.0,0.0,0.0,0.0,1.0,0.0,1.0,4.204547,1.220154,3.779723,7.101743,1.966871,6.26755,8.064683,3.81731,6.474864,8.11588,3.822645,6.529882,2.334163,0.43248,2.394245,4.189269,1.539369,3.777571,5.969907,1.934242,5.185346,6.81796,1.959247,5.999885,7.101743,1.966871,6.26755,8.065229,3.816965,6.474864,1.855677,1.323351,1.415613,1.780068,1.15446,1.405263,3.635744,1.701719,2.800191,0.848612,0.0921,0.831803,1.132415,0.115974,1.107416,1.24671,2.265793,0.487057,0.962907,2.250511,0.208372,0.266359,0.308022,0.170093,0.265128,0.069173,0.294823,0.177104,0.31985,0.07345,8.122824,3.822997,6.535444,8.243891,3.811099,6.636338,0.0,0.0,0.0,0.0,0.0,0.0,0.0,0.0,0.0,0.112513,0.011928,0.106875,0.102013,0.007377,0.10125,795.5,8.935883,800.0,528.2,25.142792,523.0,9.102218,4.670858,6.982629,2.929081,4.735783,0.552449,0.0,0.0,0.0,0.0,0.0,0.0,0.0,0.0,0.0,10.199395,3.977043,8.566963,799.9,0.3,800.0,0.0,0.0,0.0,0.0,0.0,0.0,0.0,0.0,0.0,0.0,0.0,0.0,0.0,0.0,0.0,0.0,0.0,0.0,0.0,0.0,0.0,0.0,0.0,0.0,0.0,0.0,0.0,0.0,0.0,0.0,0.0,0.0,0.0,0.0,0.0,0.0,0.0,0.0,0.0,0.0,0.0,0.0,0.0,0.0,0.0,0.0,0.0,0.0,0.0,0.0,0.0,0.0,0.0,0.0,0.0,0.0,0.0,0.0,0.0,0.0,0.0,0.0,0.0,0.0,0.0,0.0,0.0,0.0,0.0,0.0,0.0,0.0,0.0,0.0,0.0,0.0,0.0,0.0,1.0,0.0,1.0,1.0,0.0,1.0,0.0,0.0,0.0,0.0,0.0,0.0,0.0,0.0,0.0,0.0,0.0,0.0,0.0,0.0,0.0
